20629ece-429f-4d76-80b6-256b81846c71|Avatr|11|อีวี|EV|ev|ACTIVE|
3be2c881-d123-4233-9102-3576405adf2d|Avatr|11|Standard|Standard|avatr-11-standard|ACTIVE|BEV
75885ce2-900d-4748-a457-e95173dd7307|BAIC|BJ30|อีวี|EV|ev|ACTIVE|
fb4d9184-b4cb-4ab6-8e62-0149b7d0999b|BAIC|X55|โปร|Pro|pro|ACTIVE|
5d28feb6-70d1-45d2-b9b0-aca98e188509|BMW|1 Series|118ไอ|118i|118i|ACTIVE|
87cf4984-d3df-4121-92da-e2645b8edcd2|BMW|3 Series|320ไอ|320i|320i|ACTIVE|
a622778b-faa1-4200-b72c-8cbdb1c426b6|BMW|3 Series|330อี|330e|330e|ACTIVE|
12377bad-7982-4745-a31f-31ac8940b676|BMW|5 Series|520ดี|520d|520d|ACTIVE|
71a7242a-ab72-43d7-9863-fb43522a4186|BMW|5 Series|ไอ5|i5|i5|ACTIVE|
311bc70d-26ca-40ae-b8e2-e1ccc3719628|BMW|iX|เอกซ์ไดรฟ์40|xDrive40|xdrive40|ACTIVE|
74fb3cd4-ce6e-401b-8f92-6570d1b2e5f4|BMW|iX|เอกซ์ไดรฟ์50|xDrive50|xdrive50|ACTIVE|
a2e6dc36-358e-4d70-b357-0f9d68e5cc49|BMW|X1|ไอเอกซ์1|iX1|ix1|ACTIVE|
75b21ae9-7c9d-4421-a81f-9c3086fff88a|BMW|X1|เอสไดรฟ์18ไอ|sDrive18i|sdrive18i|ACTIVE|
5d4228c1-c654-420b-acbc-da6e5971858e|BMW|X3|เอกซ์ไดรฟ์20ดี|xDrive20d|xdrive20d|ACTIVE|
434e749a-8c1c-4293-b649-a971eaf9bbfb|BMW|X5|เอกซ์ไดรฟ์40ดี|xDrive40d|xdrive40d|ACTIVE|
fd813481-fc35-48c8-aeaf-f9bd8133ecbc|BYD|ATTO 2|ไดนามิก|Dynamic|atto-2-dynamic|ACTIVE|BEV
b71027f3-7ea7-48a3-8146-bfc51a8162b8|BYD|ATTO 2|ระยะทางไกล|Extended Range|extended-range|ACTIVE|
f0232b4e-26d2-4a9d-accb-a9e12b1f397f|BYD|ATTO 2|พรีเมียม|Premium|atto-2-premium|ACTIVE|BEV
afd65100-73f3-42f9-b838-e69b8a0f592a|BYD|ATTO 2|ระยะทางมาตรฐาน|Standard Range|standard-range|ACTIVE|
40bd2de0-07bb-45cf-956b-77b9e9ce0058|BYD|ATTO 3|เอ็กซ์เตนเดด|Extended Range|atto-3-extended|ACTIVE|BEV
06fa3571-606b-480e-8a3f-d409f5e62ad7|BYD|ATTO 3|ระยะทางไกล|Extended Range|extended-range|ACTIVE|
e6a60370-c246-4a38-9ba3-d245f62c931e|BYD|ATTO 3|ระยะทางมาตรฐาน|Standard Range|standard-range|ACTIVE|
bd98af8b-faa9-4c69-bfa2-5923737be480|BYD|ATTO 3|สแตนดาร์ด|Standard Range|atto-3-standard|ACTIVE|BEV
496e7dbf-0808-4b87-b6cb-87eac80d2b3e|BYD|Dolphin|ไดนามิก|Dynamic|dolphin-dynamic|ACTIVE|BEV
a98c2111-8e4c-44a4-a290-fd31078e73b6|BYD|Dolphin|ระยะทางไกล|Extended Range|extended-range|ACTIVE|
82bc6dd3-65ac-4e4c-931f-7ecbd7434862|BYD|Dolphin|พรีเมียม|Premium|dolphin-premium|ACTIVE|BEV
94da8822-22e9-48ec-9b7d-d4b81e4273a5|BYD|Dolphin|ระยะทางมาตรฐาน|Standard Range|standard-range|ACTIVE|
acd266a0-2146-4751-a394-e1a3f7ecc5ae|BYD|M6|ดีเอ็ม-ไอ|DM-i|dmi|ACTIVE|
40204c4d-b4ec-4710-9f57-11984f3d2536|BYD|M6|อิเล็กทริก|Electric|m6-ev|ACTIVE|BEV
7c70c63f-6224-46ff-8105-3602d5eb34b2|BYD|Seal|ไดนามิก|Dynamic|dynamic|ACTIVE|
7bad291f-8b60-4fd5-9dfa-6cd9832898fc|BYD|Seal|ไดนามิก|Dynamic RWD|seal-dynamic|ACTIVE|BEV
bdfdfe0b-a2ce-468a-861e-3125b5ebcbfe|BYD|Seal|เพอร์ฟอร์มานซ์|Performance|performance|ACTIVE|
10cb966e-b626-4747-b121-65358a480211|BYD|Seal|เพอร์ฟอร์แมนซ์|Performance AWD|seal-performance|ACTIVE|BEV
a29c48b4-5f3e-474c-b358-4df8ee4cbef0|BYD|Seal 6|อีวี|EV|ev|ACTIVE|
add27769-6f05-48d1-8cb9-9e3d70cf49dd|BYD|Seal 6|Standard|Standard|seal-6-standard|ACTIVE|BEV
19d3f51c-d8f7-465e-9f48-d48527355041|BYD|Sealion 5 DM-i|ดีเอ็ม-ไอ|DM-i|dmi|ACTIVE|
f70e0406-c599-41c6-a6fb-118394ce11b0|BYD|Sealion 6 DM-i|ดีเอ็ม-ไอ|DM-i|dmi|ACTIVE|
3f8217b2-2177-40dc-8d23-17c68ccf6867|BYD|Sealion 7|อดวานซ์ด|Advanced|sealion-7-advanced|ACTIVE|BEV
8b5827cb-86e9-4822-980e-cd92e48847e9|BYD|Sealion 7|ดีไซน์ เอดับบลิวดี|Design AWD|design-awd|ACTIVE|
a7d06bd6-4e19-4408-8d2d-0edb8edbaeb9|Changan|CS55 Plus|พรีเมียม|Premium|premium|ACTIVE|
a83e26e3-6622-412c-92ed-49662339bafd|Changan|CS55 Plus|พรีเมียม เอ็กซ์|Premium X|premium-x|ACTIVE|
51ed12f2-0308-40a0-8e0e-a2ddae33492c|Changan|Deepal S07|อีวี|EV|ev|ACTIVE|
8d7744aa-de6b-43e6-9840-5d9700096556|Changan|UNI-K|เอชอีวี|HEV|hev|ACTIVE|
f9e86228-6eb8-41e6-9d97-271870c75fd0|Changan|UNI-V|1.5ที|1.5T|1-5t|ACTIVE|
444dab6a-1656-431d-a12e-566bd0680824|Chery|Jaecoo J7|เอชอีวี|HEV|hev|ACTIVE|
b8dcfca8-fa14-4ffe-a999-0e3293251dfe|Chery|Jaecoo J7|พีเอชอีวี|PHEV|phev|ACTIVE|
e1e2f7d3-9289-4e3f-8f44-afd5559da239|Chery|Omoda 5|1.5ที|1.5T|1-5t|ACTIVE|
ebf3be2d-f263-40b6-b083-6786cfbb4f86|Chery|Omoda 5|1.5ที ซีวีที|1.5T CVT|1-5t-cvt|ACTIVE|
5cb27a33-559c-4543-9df0-063f204079ed|Chery|Omoda 5 EV|อีวี|EV|ev|ACTIVE|
046aa8ef-3f4c-45d5-8913-ec11c80de912|Chery|Tiggo 8 Pro|1.6ที|1.6T|1-6t|ACTIVE|
0c689291-db3a-48df-97a1-cfe84b6be7e3|Chevrolet|Colorado|2.8 ไฮเКА운ทรี|2.8 High Country|2-8-high-country|ACTIVE|
b3a062ab-2a5c-4d38-87ad-12c83e8e5101|Chevrolet|Trailblazer|1.3ที พรีเมียร์|1.3T Premier|1-3t-premier|ACTIVE|
58d329c3-846e-44e8-8836-6b439c5bccc0|Denza|Z9GT|อีวี|EV|ev|ACTIVE|
352d39d9-c94d-435e-b061-156810e9d40f|Denza|Z9GT|Standard|Standard|denza-z9gt-standard|ACTIVE|BEV
44734465-2a44-438b-9abf-41cbd70258b0|Ford|Everest|2.0 แพลทินั่ม|2.0 Platinum|2-0-platinum|ACTIVE|
0c363c75-d10d-4e34-a5fd-f82c0c4dfdff|Ford|Everest|2.0 ไวลด์แทรค|2.0 Wildtrak|2-0-wildtrak|ACTIVE|
f6df2379-a767-4852-9faf-bef7cb9c701e|Ford|Everest|2.0 เอกซ์ทีแอล|2.0 XLT|2-0-xlt|ACTIVE|
2dea68bd-b06f-4008-badf-a1fae93f0a56|Ford|Maverick|2.0 อีโคบูสต์|2.0 EcoBoost|2-0-ecoboost|ACTIVE|
39a3f5ed-f920-49a1-a3e7-b55839b52caf|Ford|Ranger|2.0 แรปเตอร์|2.0 Raptor|2-0-raptor|ACTIVE|
259d4e40-cd20-401a-9a2d-d52ed90a35f3|Ford|Ranger|2.0 ไวลด์แทรค|2.0 Wildtrak|2-0-wildtrak|ACTIVE|
ff6e983c-9a02-4ede-9e62-113d8e1cee2b|Ford|Ranger|2.0 เอกซ์แอล|2.0 XL|2-0-xl|ACTIVE|
3b3a38af-46a5-403d-b5d0-f8297c05ab1c|Ford|Ranger|2.0 เอกซ์ทีแอล|2.0 XLT|2-0-xlt|ACTIVE|
8443a828-abe7-4657-a34b-a581c277e35d|Ford|Territory|อีโคบูสต์|EcoBoost|ecoboost|ACTIVE|
d0a63198-e9b0-4e0a-a55a-9bbdc3859ba5|Ford|Territory|ไทเทเนียม|Titanium|titanium|ACTIVE|
9ddf9300-0bd5-4799-a16c-8e0df6e82557|Geely|EX5|อีวี|EV|ev|ACTIVE|
b4be46b1-f440-411a-9b07-a379394a7644|Geely|EX5|Standard|Standard|geely-ex5-standard|ACTIVE|BEV
9d69a71f-2d72-4ba3-841d-bb28d78aa651|GWM|Haval H6|เอชอีวี|HEV|hev|ACTIVE|
a9b4c1c6-c25d-4d30-8dbd-9b23303fbebd|GWM|Haval H6|พีเอชอีวี|PHEV|phev|ACTIVE|
ee089bc2-83c9-4318-bdd0-d9b4affd830a|GWM|Haval Jolion|เอชอีวี|HEV|hev|ACTIVE|
16c321fa-4108-444a-997f-1afcbf23a3a6|GWM|Ora 07|อีวี|EV|ev|ACTIVE|
31fd690c-fb5f-469c-afcb-d17cc580060f|GWM|Ora Good Cat|400|400|400|ACTIVE|
31f7fcb0-3f06-4df3-b612-87be2daf0ec8|GWM|Ora Good Cat|500|500|500|ACTIVE|
62a88453-766f-4617-a7b7-1f541daf60a0|GWM|Tank 300|เอชอีวี|HEV|hev|ACTIVE|
6e75e1cf-9ec0-48a2-b4a0-22e7748e24c1|GWM|Tank 500|Diesel|Diesel|gwm-tank-500-diesel|ACTIVE|ICE
1588dcb8-7460-45b5-a2e1-d5f437671221|GWM|Tank 500|เอชอีวี|HEV|hev|ACTIVE|
e5718a30-d21d-4da3-8baf-94141654f242|Honda|Accord|1.5 อีแอล|1.5 EL|1-5-el|ACTIVE|
5d7e2ba2-4739-4de1-9cf8-2259f05d7f3b|Honda|Accord|1.5 อีแอลพลัส|1.5 EL+|1-5-el-plus|ACTIVE|
c742cf68-cff1-4267-95d7-924a017fd3b1|Honda|Accord|อี:เอชอีวี|e:HEV|honda-accord-ehev|ACTIVE|HEV
6f5e409b-0e39-468b-9295-1cb19ffcd312|Honda|Accord|อีเอชอีวี|e:HEV|ehev|ACTIVE|
759c63eb-11fd-4529-bbdb-64820c1a9db5|Honda|BR-V|อื่นๆ|Other|honda-br-v-ice|ACTIVE|ICE
57ad6cdb-ff2d-4fab-bc1f-e9699c91e70a|Honda|BR-V|อาร์เอส|RS|rs|ACTIVE|
e4182d56-8da8-44f0-9674-f65bc2e26b65|Honda|BR-V|วี|V|v|ACTIVE|
1ced17b4-bf63-4220-8257-27cbd9c4d15e|Honda|BR-V|วีพลัส|V+|v-plus|ACTIVE|
f7f9dbb8-ce1e-4885-86d6-77676fb9f60f|Honda|City|อี:เอชอีวี|e:HEV|honda-city-ehev|ACTIVE|HEV
3bd4178f-056a-4cb8-8129-b0628eac2a34|Honda|City|อีเอชอีวี|e:HEV|ehev|ACTIVE|
3d89ebd2-da51-45b8-8c1b-3830a9f3c5a7|Honda|City|อาร์เอส|RS|rs|ACTIVE|
30df4b43-d595-4a3a-94ec-2c971cda2e7e|Honda|City|วี|V|v|ACTIVE|
431694e7-d95a-4100-960e-c0f0c112e5ca|Honda|City|วีพลัส|V+|v-plus|ACTIVE|
dc1a70b5-d73e-4817-aa04-ae1e341eb545|Honda|City Hatchback|อี:เอชอีวี|e:HEV|honda-city-hb-ehev|ACTIVE|HEV
45d6eaac-6895-4783-81e4-bcd47fd7e58c|Honda|City Hatchback|อาร์เอส|RS|rs|ACTIVE|
40043ccc-7624-4d68-942a-79ba447bfa26|Honda|City Hatchback|วี|V|v|ACTIVE|
b4b7c5b7-de5a-4df4-8c17-047747f85247|Honda|City Hatchback|วีพลัส|V+|v-plus|ACTIVE|
b22e9c31-ceba-48dd-bb98-cc068eca33d5|Honda|Civic|อี:เอชอีวี|e:HEV|honda-civic-ehev|ACTIVE|HEV
a8f489dc-3b7f-4de7-8c67-8f8049700150|Honda|Civic|อีเอชอีวี อาร์เอส|e:HEV RS|ehev-rs|ACTIVE|
77919324-6a78-4ae3-9d58-d41706cc9fea|Honda|Civic|อีแอล|EL|el|ACTIVE|
e85106c0-a325-4db7-85db-695ca8796b02|Honda|Civic|อีแอลพลัส|EL+|el-plus|ACTIVE|
5d18f24c-65d1-46df-a78a-cd397cc3bdec|Honda|Civic|อาร์เอส|RS|rs|ACTIVE|
d5f9d36a-3607-4499-82e0-2084d6c2c634|Honda|Civic Type R|เอฟแอลไฟว์|FL5|fl5|ACTIVE|
6eaf1b53-0c17-480d-bfff-add932d4f5a0|Honda|Civic Type R|เทอร์โบ|Turbo|honda-civic-tr-turbo|ACTIVE|ICE
17a8f457-e884-48c5-bc17-bb2f9ecd8cb4|Honda|CR-V|อี|E|e|ACTIVE|
69d4ba97-f968-4e6a-b98a-cc0f214422fe|Honda|CR-V|อี:เอชอีวี|e:HEV|honda-cr-v-ehev|ACTIVE|HEV
34687cb0-df82-4068-894e-82a4a0a460b5|Honda|CR-V|อีแอล|EL|el|ACTIVE|
a5a9cf31-f59c-478c-834f-3586cb5c9d26|Honda|CR-V|อีแอลพลัส|EL+|el-plus|ACTIVE|
9ec52f14-5c64-4e2f-8cdb-5105bd7d964e|Honda|CR-V|อาร์เอส|RS|rs|ACTIVE|
8f1ab8d8-222f-41cc-848a-569a088a8b35|Honda|e:N2|อีวี|EV|ev|ACTIVE|
eef32d6a-5da2-4a6b-93ec-25f898e2b86e|Honda|e:N2|อีวี|EV|honda-en2-ev|ACTIVE|BEV
aa454ead-07d7-43bf-8b25-7ead1945a679|Honda|HR-V|อีเอชอีวี|e:HEV|ehev|ACTIVE|
bd0e1c9f-0f44-4e77-9812-ce95eef25580|Honda|HR-V|อี:เอชอีวี|e:HEV|honda-hr-v-ehev|ACTIVE|HEV
a9e7b90d-ff9d-4340-a41e-d3faba94418f|Honda|HR-V|อีแอล|EL|el|ACTIVE|
ce29cb10-b6a1-4a4c-a79c-f92fa2834058|Honda|HR-V|อีแอลพลัส|EL+|el-plus|ACTIVE|
db055349-6628-45e6-b644-ede866732241|Honda|Super-ONE|อีวี|EV|honda-super-one-ev|ACTIVE|BEV
b1bc7fed-030d-498f-b370-a25f967c42de|Honda|Super-ONE|จี|G|g|ACTIVE|
33fa4630-d978-4425-a665-9e2926781cf1|Honda|Super-ONE|อาร์เอส|RS|rs|ACTIVE|
01d47440-9f58-438d-9946-52d48abfb095|Honda|WR-V|อื่นๆ|Other|honda-wr-v-ice|ACTIVE|ICE
7f5fba90-3ab1-4d68-9ab5-121987adba72|Honda|WR-V|เอส|S|s|ACTIVE|
68abfca1-d50b-4272-8016-ec3449debb79|Honda|WR-V|เอสวี|SV|sv|ACTIVE|
6d82940c-3793-4bd9-a313-165a2a0d5d0b|Hyundai|Ioniq 5|ระยะทางไกล|Long Range|long-range|ACTIVE|
6a4a1910-77c8-4867-b974-f80950745eae|Hyundai|Ioniq 5|เอ็น|N|n|ACTIVE|
7e13b169-f741-4c77-ad99-b46168eaa89e|Hyundai|Ioniq 5|N Line|N Line|hyundai-ioniq-5-n-line|ACTIVE|BEV
db24d812-15ef-442c-b7fc-ac230bc716b0|Hyundai|Ioniq 5|สแตนดาร์ด|Standard|standard|ACTIVE|
f75820f4-e76c-4216-ba2a-21ab4b0692f6|Hyundai|Santa Fe|เอชอีวี|HEV|hev|ACTIVE|
a283d6b9-f5c6-4243-8b1b-d22b15532474|Hyundai|Santa Fe|HEV|HEV|hyundai-santa-fe-hev|ACTIVE|HEV
7d06a9e3-8aa3-484b-847b-f2fe946c39d3|Hyundai|Santa Fe|พีเอชอีวี|PHEV|phev|ACTIVE|
358bd2ce-0352-4056-9a7c-3be6fb479d01|Hyundai|Stargazer|แอดเวนเจอร์|Adventure|adventure|ACTIVE|
1556d193-09eb-485d-be59-cfadd35d2949|Hyundai|Stargazer|เอส|S|s|ACTIVE|
1724a147-357a-4586-ac73-c65b895213fe|Hyundai|Stargazer|เอ็กซ์|X|x|ACTIVE|
5ca55827-c1c4-4e3b-8734-8b814fe0684e|Isuzu|D-Max|ไฮ-แลนเดอร์|Hi-Lander|hi-lander|ACTIVE|
560084b1-0310-492b-b7f2-a4f951df07d4|Isuzu|D-Max|เอส-แค็บ|S-Cab|s-cab|ACTIVE|
69a9b199-da86-45b6-81e9-cc0c35c147c0|Isuzu|D-Max|สปาร์ค|Spark|spark|ACTIVE|
662db1de-2f2e-42cd-aa4b-4264fc9e4fa1|Isuzu|D-Max|วี-ครอส แม็กซ์|V-Cross Max|v-cross-max|ACTIVE|
d8bef579-aab6-490a-8511-4ddcc407cae8|Isuzu|MU-X|ไฮ-แลนเดอร์ 4วีดี|Hi-Lander 4WD|hi-lander-4wd|ACTIVE|
73ccd484-cc5b-4536-9085-b34df8ac0513|Isuzu|MU-X|ขับหลัง|Rear Wheel Drive|rwd|ACTIVE|
87f7ef58-2270-4cfc-b322-d76a9bab715e|Isuzu|MU-X|วี-ครอส แม็กซ์ 4วีดี|V-Cross Max 4WD|v-cross-max-4wd|ACTIVE|
0c73de79-d9a8-4bc8-93bb-af534d002cc9|Jetour|Dashing|เอชอีวี|HEV|hev|ACTIVE|
6732c586-dd9f-41f7-8c89-2761b3141cf6|Jetour|T2|พีเอชอีวี|PHEV|phev|ACTIVE|
abdf554b-edc4-4570-bdd9-2818659d10f4|KG Mobility|Korando|อีวี|EV|ev|ACTIVE|
2c36402e-a811-4e93-be2f-a854599e51ce|KG Mobility|Korando|เอชอีวี|HEV|hev|ACTIVE|
4039d573-49d7-4680-9f9e-8c0fbb432301|KG Mobility|Torres|อีวี|EV|ev|ACTIVE|
2ad76059-7cfd-4c89-80b2-1126fc7cd3b0|Kia|Carnival|อีเอ็กซ์|EX|ex|ACTIVE|
f2c84431-ecbd-409d-a4ff-a9b615385ddd|Kia|Carnival|เอสเอ็กซ์|SX|sx|ACTIVE|
219cbc55-2747-49a9-ac9b-23d962b41a15|Kia|EV6|จีที|GT|gt|ACTIVE|
3d02e168-8dae-4494-aafc-ae8911bf8ccf|Kia|EV6|สแตนดาร์ด|Standard|standard|ACTIVE|
5da331eb-6f8b-47bc-87a1-67e56be0224c|Kia|EV9|อีวี|EV|ev|ACTIVE|
faf33610-0d42-4cad-afc5-a5e63b246bf6|Kia|Sonet|อีเอ็กซ์|EX|ex|ACTIVE|
449c4e9c-413b-4b19-ace5-80739f3adcd7|Kia|Sonet|แอลเอ็กซ์|LX|lx|ACTIVE|
d113a255-04ca-4d72-be0e-358f8714981b|Kia|Sonet|เอสเอ็กซ์|SX|sx|ACTIVE|
73d97aa8-c1f5-4127-9edd-59ee8723a5a8|Kia|Sportage|เอชอีวี|HEV|hev|ACTIVE|
fb4eb870-d51f-4023-8809-d3c6e8b226d7|LDV|D90|เอ็กเซ็กคิวทีฟ|Executive|executive|ACTIVE|
7255bbe0-b329-45e1-8199-33cee12a0a87|Lexus|NX|เอ็นเอ็กซ์ 300เอช|NX 300h|nx-300h|ACTIVE|
e58b2c2b-2c01-4adb-8ecb-ea4762d3bded|Lexus|NX|เอ็นเอ็กซ์ 350เอช|NX 350h|nx-350h|ACTIVE|
f3b3000e-345a-415e-819d-e3001058b390|Lexus|NX|เอ็นเอ็กซ์ 450เอช+|NX 450h+|nx-450h-plus|ACTIVE|
c475aead-8b9a-480c-802e-9c08bccfc26d|Lexus|RX|อาร์เอ็กซ์ 350เอช|RX 350h|rx-350h|ACTIVE|
dca55a6f-9309-47b5-bb3c-f07ef19605b1|Lexus|RX|อาร์เอ็กซ์ 500เอช|RX 500h|rx-500h|ACTIVE|
e396ec96-d32a-41de-bb64-f4ed873261b7|Lexus|RZ|450อี|450e|450e|ACTIVE|
5d3aec59-ff59-4107-8bb0-1098283a6cea|Mazda|6e|อีวี|EV|ev|ACTIVE|
97bf497d-0d09-4404-b2e9-699daf1be07b|Mazda|6e|Standard|Standard|mazda-6e-standard|ACTIVE|BEV
23a96301-f45c-4406-86e7-ed6319d81aa5|Mazda|CX-3|1.3 เอส|1.3 S|1-3-s|ACTIVE|
2fad659b-418e-4c0a-85b8-893a5bbcbac1|Mazda|CX-3|1.3 เอสพี|1.3 SP|1-3-sp|ACTIVE|
bc2e8bbc-e4fc-4b3f-9468-1b39c1909e49|Mazda|CX-30|2.0 เอส|2.0 S|2-0-s|ACTIVE|
9f8ead0c-5476-4c85-ae9e-5b4674962374|Mazda|CX-30|2.0 เอสพี|2.0 SP|2-0-sp|ACTIVE|
29d15eb7-9050-4ecc-857b-cedfb22d2b6b|Mazda|CX-5|2.0 เอส|2.0 S|2-0-s|ACTIVE|
cd4b51e5-20b5-4dfc-b41a-a4ba14878334|Mazda|CX-5|2.2 เอกซ์ดีแอล|2.2 XDL|2-2-xdl|ACTIVE|
03255583-64f7-4e35-aed0-2417484124d2|Mazda|CX-5|2.5 เอสพี|2.5 SP|2-5-sp|ACTIVE|
73232154-b1b1-4641-ba15-9124b0ebc11c|Mazda|CX-80|3.3 ดีเซล|3.3 DIESEL|3-3-diesel|ACTIVE|
d23ebaea-3279-4705-9988-530a8472e162|Mazda|CX-80|3.3 เอชอีวี|3.3 HEV|3-3-hev|ACTIVE|
06dd3e16-9510-4382-b33d-11879982d1d3|Mazda|Mazda2|1.3 อาร์|1.3 R|1-3-r|ACTIVE|
97de288d-9ab2-4d37-be08-397cd77b4493|Mazda|Mazda2|1.3 เอส|1.3 S|1-3-s|ACTIVE|
d06f4e27-ea2c-4f6a-8665-26d80ef67deb|Mazda|Mazda2|1.5 สปอร์ตส์|1.5 Sports|1-5-sports|ACTIVE|
2aa5608f-4f71-4a32-8c72-efd4aba4161d|Mazda|Mazda3|2.0 เอส|2.0 S|2-0-s|ACTIVE|
a8b09dd0-8748-407a-8b99-028a0b3ef540|Mazda|Mazda3|2.0 เอสพี|2.0 SP|2-0-sp|ACTIVE|
9dd2cb63-b4dc-4e66-8675-87dbb3a1da96|Mercedes-Benz|A-Class|A 200|A 200|a-200|ACTIVE|
fad320e5-c80a-46eb-bb24-2cf5b9721831|Mercedes-Benz|C-Class|C 200|C 200|c-200|ACTIVE|
55e96f17-36f0-44c3-8087-1b04daa8f1e5|Mercedes-Benz|C-Class|C 300|C 300|c-300|ACTIVE|
90104be1-2ace-418f-840e-36230b8f681c|Mercedes-Benz|E-Class|E 300|E 300|e-300|ACTIVE|
f789356d-204b-425a-b811-4bd203929be9|Mercedes-Benz|EQA|อีคิวเอ 250|EQA 250|eqa-250|ACTIVE|
e9502006-8df8-4dc7-9b69-59c0e194cf50|Mercedes-Benz|EQB|อีคิวบี 300|EQB 300|eqb-300|ACTIVE|
68be7e0b-f749-45a9-9a9e-ed3b4e87af4b|Mercedes-Benz|GLA|จีแอลเอ 200|GLA 200|gla-200|ACTIVE|
b7879243-1468-4e4b-811d-107b399996af|Mercedes-Benz|GLC|จีแอลซี 300|GLC 300|glc-300|ACTIVE|
5318113a-e2dc-4400-82b0-ca8c96a7c622|Mercedes-Benz|GLE|จีแอลอี 300 ดี|GLE 300 d|gle-300d|ACTIVE|
5a24628a-7d1e-427c-a4c2-d90357fce9b0|MG|CYBERSTER|อีวี|EV|mg-cyberster-ev|ACTIVE|BEV
e29ce6f7-67a9-4344-bc1f-e466f50800fa|MG|CYBERSTER|อีวี|EV|ev|ACTIVE|
292d23ad-e707-49b2-bb6b-cec2dc9a7322|MG|EP Plus|อีวี|EV|mg-ep-ev|ACTIVE|BEV
d330edb6-2055-4477-9e5a-b17b06e428ce|MG|EP Plus|ระยะทางมาตรฐาน|Standard Range|standard-range|ACTIVE|
89d3033e-9567-4301-868f-6faa80d63520|MG|ES|คอมฟอร์ต|Comfort|comfort|ACTIVE|
dad84bde-9f4c-4760-a575-c5f085357597|MG|ES|อีวี|EV|mg-es-ev|ACTIVE|BEV
82d629aa-f825-4172-bd2c-3bdc0ac8ee98|MG|ES|ลักชัวรี|Luxury|luxury|ACTIVE|
6070266e-6ea2-4330-9e10-ec23dee8fc6e|MG|EXTENDER|ดีซี|DC|mg-extender-dc|ACTIVE|ICE
6e6ba58c-4b7f-4747-bbdf-ff4ee814ed1d|MG|EXTENDER|จี|G|g|ACTIVE|
2cebaf6a-75d2-4a5f-bf53-232cdde7d213|MG|EXTENDER|เอ็กซ์|X|x|ACTIVE|
0aa95e6f-f2d2-4542-8efb-e7bdbd6b4ff2|MG|HS PHEV|คอมฟอร์ต|Comfort|comfort|ACTIVE|
d2b931c7-a5af-42fc-b4af-9af1f4864b9a|MG|HS PHEV|ลักชัวรี|Luxury|luxury|ACTIVE|
fbf4cfa6-aa8e-466b-9c45-a115b6ff7525|MG|HS PHEV|พรีเมียม|Premium|mg-hs-phev-premium|ACTIVE|PHEV
7378e6d5-caf7-4a52-8533-4b42a56ea908|MG|IM5|อีวี|EV|mg-im5-ev|ACTIVE|BEV
a78fab88-0ebb-4d74-92d4-02f774272588|MG|IM5|ลักชัวรี|Luxury|luxury|ACTIVE|
75dcefa2-bd4c-4fef-a905-0900eb531873|MG|IM5|สแตนดาร์ด|Standard|standard|ACTIVE|
08cfa4eb-8677-4cf6-aefa-94b187bbcf09|MG|IM6|อีวี|EV|mg-im6-ev|ACTIVE|BEV
09dc62cb-3082-4825-82c2-8fb66a2546ee|MG|IM6|ลักชัวรี|Luxury|luxury|ACTIVE|
ce2a3878-31b8-4b9a-b50d-6a485c577ff9|MG|IM6|สแตนดาร์ด|Standard|standard|ACTIVE|
7d114adc-25a8-4c9d-874e-70a69c4a22c6|MG|MAXUS 7|อีวี|EV|ev|ACTIVE|
c7faae87-461d-468b-889b-e9d864ec0327|MG|MAXUS 7|อีวี|EV|mg-maxus7-ev|ACTIVE|BEV
b44e4c65-26ee-4259-9ba6-20dc734d4df1|MG|MAXUS 9|อีวี|EV|ev|ACTIVE|
b1d71d90-33cb-4aeb-a8a5-b02c4ea26129|MG|MAXUS 9|อีวี|EV|mg-maxus9-ev|ACTIVE|BEV
c7836745-6048-4972-8406-a3b91337c2d2|MG|MG3 HYBRID+|ดี|D|d|ACTIVE|
fcd9e31e-44b9-4878-bb89-88bc0a2535c1|MG|MG3 HYBRID+|ไฮบริด+|HYBRID+|mg3-hybrid-plus|ACTIVE|HEV
6a2a32bf-9427-4121-84bf-aa423b4c1f7d|MG|MG3 HYBRID+|เอ็กซ์|X|x|ACTIVE|
60e9b7e9-ffca-4d8c-857a-66ea3479ceec|MG|MG4|300 สแตนดาร์ด|300 Standard|300-standard|ACTIVE|
e5736daa-50af-4248-b0a5-fb69c66cb3d6|MG|MG4|520|520|520|ACTIVE|
cbe7ceca-7bfd-4bf9-aa08-d47c7cf6872b|MG|MG4|สแตนดาร์ด|Standard|mg4-standard|ACTIVE|BEV
b93c2d8a-ad34-4545-aa8d-834fb047578c|MG|MG4|เอ็กซ์พาวเวอร์ เอดับบลิวดี|XPOWER AWD|xpower-awd|ACTIVE|
900d3a3d-6a9f-48bb-ba6b-99434bd26bf2|MG|MG5|ดี|D|d|ACTIVE|
ab9f09df-f7e4-4ab0-bda7-50bb5e8b9141|MG|MG5|สแตนดาร์ด|Standard|mg5-standard|ACTIVE|ICE
ab7bdaeb-7509-4488-84e7-7c12320bf2f7|MG|MG5|เอ็กซ์|X|x|ACTIVE|
b24fa480-7958-40dd-913a-5a08b504736a|MG|MG Urban|Standard|Standard|standard|ACTIVE|
d696cff5-937a-411e-96be-9598c92044e0|MG|S5 EV PLUS|อีวี พลัส|EV PLUS|mg-s5-ev|ACTIVE|BEV
2b2dd4fc-bed0-4365-a5e9-83940f6fb613|MG|S5 EV PLUS|ระยะทางไกล|Long Range|long-range|ACTIVE|
ad85fdb2-db8b-4008-832e-de94855f44d5|MG|S5 EV PLUS|สแตนดาร์ด|Standard|standard|ACTIVE|
3eceefbc-0f03-437f-bdac-7010ae9025b5|MG|URBAN|คอมฟอร์ต|Comfort|comfort|ACTIVE|
63e37863-175a-4a26-b2c2-a4caa6e8e074|MG|URBAN|อีวี|EV|mg-urban-ev|ACTIVE|BEV
834f654b-26bc-4fa8-9b2f-1abcc22afc4d|MG|URBAN|ลักชัวรี|Luxury|luxury|ACTIVE|
bee141a6-859c-43da-b54e-79e84e1fc230|MG|VS HEV|คอมฟอร์ต|Comfort|comfort|ACTIVE|
d66f4598-92f9-4428-9973-65e0e487265a|MG|VS HEV|ดี|D|mg-vs-hev-d|ACTIVE|HEV
11b9ad09-e511-4816-ac60-c21812279040|MG|VS HEV|ลักชัวรี|Luxury|luxury|ACTIVE|
49b2cb3d-51eb-4565-919c-ef7208444065|MG|ZS|ซี|C|c|ACTIVE|
c2be5ee6-5b7b-401c-b036-4ed7186f1a16|MG|ZS|ดี|D|d|ACTIVE|
79a5b93d-7020-4753-ad96-a4be415831a7|MG|ZS|สแตนดาร์ด|Standard|mg-zs-standard|ACTIVE|ICE
fe98fd82-a8b3-4d96-94a9-a9ecebaa7609|MG|ZS|เอ็กซ์|X|x|ACTIVE|
374d9896-6f62-404e-8081-0f3981c571e5|MG|ZS EV|ดี|D|d|ACTIVE|
2d6c7368-4c19-487b-891f-ec57532b36c3|MG|ZS EV|พรีเมียม|Premium|mg-zs-ev-premium|ACTIVE|BEV
56124348-b945-4b02-9b71-acf0700b47b2|MG|ZS EV|เอ็กซ์|X|x|ACTIVE|
96f4f029-12f1-4bf3-b992-ae1a4c942861|MINI|Cooper|คูเปอร์|Cooper|cooper|ACTIVE|
c16d5e95-395f-4beb-98e6-dfae75719274|MINI|Cooper|คูเปอร์ เอส|Cooper S|cooper-s|ACTIVE|
e44ce57e-1453-4b75-878c-d0c901533004|MINI|Countryman|คูเปอร์|Cooper|cooper|ACTIVE|
3171f4e3-baae-41c0-ba68-c3b478795267|MINI|Countryman|คูเปอร์ เอส|Cooper S|cooper-s|ACTIVE|
d43790b2-58ff-4f98-b156-ff74d823b321|Mitsubishi|Attrage|จีแอลเอส|GLS|gls|ACTIVE|
d8b9a500-e282-42e6-8d95-4c7e2089dfb1|Mitsubishi|Attrage|จีแอลเอ็กซ์|GLX|glx|ACTIVE|
e4025a3f-e4ac-4d05-9201-5925b30db6bb|Mitsubishi|Mirage|จีแอลเอส|GLS|gls|ACTIVE|
5b9a79ec-5564-468f-a8a2-238a7f8bc404|Mitsubishi|Mirage|จีแอลเอ็กซ์|GLX|glx|ACTIVE|
7d576668-101d-4b9e-9787-ca894d1cf532|Mitsubishi|Pajero Sport|2.4 จีแอลเอส|2.4 GLS|2-4-gls|ACTIVE|
c9d78697-00e7-496a-8eaa-5105bb53954c|Mitsubishi|Pajero Sport|2.4 จีที-พรีเมียม|2.4 GT-Premium|2-4-gt-premium|ACTIVE|
935fc441-a855-4aab-affd-ed4f9f9b7faa|Mitsubishi|Triton|2.4 จีแอลเอส|2.4 GLS|2-4-gls|ACTIVE|
2396fb95-e455-4d07-b080-3c4d498d5c03|Mitsubishi|Triton|2.4 จีที-พรีเมียม|2.4 GT-Premium|2-4-gt-premium|ACTIVE|
f64837fe-37b3-43a3-bee8-e191316d9fb2|Mitsubishi|Xpander|จีแอลเอส-ลิมิเต็ด|GLS-Limited|gls-limited|ACTIVE|
0638a1f1-193a-4b53-9892-fcd326325caf|Mitsubishi|Xpander|จีที|GT|gt|ACTIVE|
5d8b27e3-bb0f-4c0b-abe4-763656169107|Mitsubishi|Xpander Cross|จีที|GT|gt|ACTIVE|
a4b0914d-dd92-450f-9f96-16287bd4e323|NIO|ES6|อีวี|EV|ev|ACTIVE|
71f8438a-2ffc-451b-bb3e-c0522d9674ef|NIO|Firefly|อีวี|EV|ev|ACTIVE|
a4badc84-c34b-4718-8016-fc883b13a52e|NIO|Firefly|Standard|Standard|nio-firefly-standard|ACTIVE|BEV
cee2f574-d0b1-4f28-8d20-3bbd371fc2b6|Nissan|Almera|อี|E|e|ACTIVE|
ecd88fc7-4eeb-4e08-a637-94d72970e781|Nissan|Almera|วี|V|v|ACTIVE|
b9a5f905-abbc-49d9-a2d3-7aeb68e62b96|Nissan|Almera|วีแอล|VL|vl|ACTIVE|
846abcc6-e817-4ecc-9a66-be061965a72a|Nissan|Kicks|อี|E|e|ACTIVE|
2d458d0d-4a3c-4227-adcb-f37b42c352a2|Nissan|Kicks|e-Power|e-Power|nissan-kicks-e-power|ACTIVE|HEV
6db95016-efee-45f0-bf55-53ba23bd64ca|Nissan|Kicks|อี-พาวเวอร์|e-POWER|e-power|ACTIVE|
de436855-df82-4e07-97ce-3d233cdc9bc6|Nissan|Kicks|วี|V|v|ACTIVE|
840a9662-c9e3-438b-8ecf-e772dc797b4e|Nissan|Kicks|วีแอล|VL|vl|ACTIVE|
85bb1ddc-f82d-4d12-b042-6913937bd058|Nissan|Navara|ดับเบิ้ลแكسب์ คาลิเบอร์ วีแอล|Double Cab Calibre VL|double-cab-vl|ACTIVE|
293771e8-53ea-4c48-9d1a-0c3a3bfe216f|Nissan|Navara|คิงแكسب์ คาลิเบอร์ อี|King Cab Calibre E|king-cab-e|ACTIVE|
3ff7a06c-d67c-46b2-815c-f4688f5ad4c2|Nissan|Nissan Leaf|EV|EV|ev|ACTIVE|
6a38fa6b-631f-43f0-bf4d-c445ed3f89dc|Nissan|Nissan Livina|E|E|e|ACTIVE|
93b1c278-2d4c-4e8b-a63c-c09ca77f9316|Nissan|Nissan March|E|E|e|ACTIVE|
054138f7-37f7-45be-8089-8ff99e1c6c22|Nissan|Nissan Serena|V|V|v|ACTIVE|
22e6f925-4640-4e5d-bdc5-053ef2452cda|Nissan|Terra|2.3 วี|2.3 V|2-3-v|ACTIVE|
7829e946-e1f4-44c3-9330-76d498331996|Nissan|Terra|2.3 วีแอล|2.3 VL|2-3-vl|ACTIVE|
6c9a5c6a-3c55-4771-933a-58b13be7ae73|Nissan|X-Trail|วี|V|v|ACTIVE|
9fec58d6-2bfc-490c-aa27-f59a02b4ad9a|Nissan|X-Trail|วีแอล|VL|vl|ACTIVE|
72c7ba3a-ae48-4c05-9540-764264ac4a37|Porsche|Cayenne|คาเยนน์|Cayenne|cayenne|ACTIVE|
b0fb803f-e693-491e-83f7-60bc41719767|Porsche|Cayenne|คาเยนน์ อี-ไฮบริด|Cayenne E-Hybrid|cayenne-e-hybrid|ACTIVE|
6376348b-8699-4fa7-b4d6-13e72eb2be3b|Porsche|Macan|มาคัน|Macan|macan|ACTIVE|
e675e958-3504-4bf5-9402-8dfeec31c611|Porsche|Macan|มาคัน อีเล็กทริก|Macan Electric|macan-electric|ACTIVE|
be73d77b-20b1-4c3b-8810-19ab1d9337bd|Subaru|Crosstrek|Standard|Standard|subaru-crosstrek-standard|ACTIVE|ICE
19bcd26e-39e3-4006-b36e-9c1f7139d473|Subaru|Crosstrek|ทัวริ่ง|Touring|touring|ACTIVE|
09d55ce4-1b16-4951-b8d1-32037fd7f407|Subaru|Outback|2.5 พรีเมียม|2.5 Premium|2-5-premium|ACTIVE|
fc7a28c5-a3fd-4966-827b-047c2d8e8d88|Suzuki|Celerio|จีเอ|GA|ga|ACTIVE|
65194f0d-fa60-487b-964f-0c41bcbb291e|Suzuki|Celerio|จีแอล|GL|gl|ACTIVE|
04b61823-9e07-4794-8e5a-3d0e4ac8eb26|Suzuki|Ertiga|จีแอล|GL|gl|ACTIVE|
3df413ed-b9c7-46a0-8c26-104021b65204|Suzuki|Ertiga|จีแอลเอ็กซ์|GLX|glx|ACTIVE|
dc7a6f48-df70-440c-ac84-c094122fc4c2|Suzuki|Jimny|จีแอล|GL|gl|ACTIVE|
4f1d46ca-abfd-4fd2-a4a5-5a403ff014a9|Suzuki|S-Presso|จีแอล|GL|gl|ACTIVE|
996fcf21-0333-4d3b-aaec-3ee9403c7cec|Suzuki|S-Presso|จีแอลเอ็กซ์|GLX|glx|ACTIVE|
a616caa6-aa82-4036-bac7-3308780f6ea7|Suzuki|Swift|จีแอล|GL|gl|ACTIVE|
edc41fb9-2441-4bc8-a2c7-8234258458f3|Suzuki|Swift|จีแอลเอ็กซ์|GLX|glx|ACTIVE|
7b445199-7038-4588-bf8d-b9e6a3f8412f|Suzuki|Swift|อาร์เอส|RS|rs|ACTIVE|
356f9615-d9d5-46e2-a140-f8ff517c8871|Tesla|Model 3|ระยะทางไกล|Long Range|long-range|ACTIVE|
28087a3c-d232-40ab-a1e3-f3bd65abc8d7|Tesla|Model 3|เพอร์ฟอร์มานซ์|Performance|performance|ACTIVE|
803f2ac2-bf3c-4256-ae46-37dbdfb64ef6|Tesla|Model 3|Standard|Standard|tesla-model-3-standard|ACTIVE|BEV
3366293a-4804-4b59-90f4-8a299bfe29e6|Tesla|Model 3|ระยะทางมาตรฐาน|Standard Range|standard-range|ACTIVE|
d5440587-8437-4f79-b9e8-46dc2377d388|Tesla|Model Y|ระยะทางไกล|Long Range|long-range|ACTIVE|
12fbf9d5-131f-4edf-a5cb-c6f728202bd0|Tesla|Model Y|เพอร์ฟอร์มานซ์|Performance|performance|ACTIVE|
f71540a8-d967-457b-9868-471d7a272845|Tesla|Model Y|Standard|Standard|tesla-model-y-standard|ACTIVE|BEV
1b578200-7de9-4c96-8ba2-9a565efca6bd|Tesla|Model Y|ระยะทางมาตรฐาน|Standard Range|standard-range|ACTIVE|
d221a252-05a4-4c2d-b81d-b7e028269b50|Toyota|Avanza|พรีเมียม|Premium|premium|ACTIVE|
940337a7-814c-45f1-9793-bece9a9bddef|Toyota|Avanza|สมาร์ท|Smart|smart|ACTIVE|
f050b80c-ee50-4a72-aadb-abfef8a901e2|Toyota|bZ4X|ขับสี่ล้อ|AWD|awd|ACTIVE|
a717d6c6-2948-4dd1-a211-b9274fc5704c|Toyota|bZ4X|อีวี|EV|toyota-bz4x-ev|ACTIVE|BEV
a4674cd2-bc9b-4d9d-b201-f6f7047fa8a5|Toyota|bZ4X|ขับล้อหน้า|FWD|fwd|ACTIVE|
d5a48dd6-29ad-4285-82af-67992faf8d61|Toyota|Camry|2.0 สมาร์ท|2.0 Smart|2-0-smart|ACTIVE|
dbd7f538-f232-4f3d-871a-202c80e526c1|Toyota|Camry|2.5 ไฮบริด พรีเมียม|2.5 Hybrid Premium|2-5-hybrid-premium|ACTIVE|
548eac66-7b3d-4ad0-9ef7-151330fb33b7|Toyota|Camry|2.5 พรีเมียม|2.5 Premium|2-5-premium|ACTIVE|
77d9950d-6c62-4f8a-8d75-60de96964612|Toyota|Camry|เอชอีวี|HEV|toyota-camry-hev|ACTIVE|HEV
59fd0baa-4e6d-478e-b427-5a216675d2ed|Toyota|Corolla Altis|1.8 ไฮบริด พรีเมียม|1.8 Hybrid Premium|1-8-hybrid-premium|ACTIVE|
5790c079-0e9f-4721-9b8d-2683157ca476|Toyota|Corolla Altis|1.8 สปอร์ต|1.8 Sport|1-8-sport|ACTIVE|
19d98620-2afb-40ee-bbfb-30374cc20202|Toyota|Corolla Altis|จีอาร์|GR Sport|toyota-corolla-altis-grs|ACTIVE|HEV
eed620b8-a8fd-461e-b0bd-0810bb55bc8f|Toyota|Corolla Altis|เอชอีวี|HEV|toyota-corolla-altis-hev|ACTIVE|HEV
3d5e3d43-e448-47c0-ac47-157d95e89089|Toyota|Corolla Cross|1.8 ไฮบริด พรีเมียม|1.8 Hybrid Premium|1-8-hybrid-premium|ACTIVE|
084c72c5-99d6-4159-a698-f893f0c2e3f8|Toyota|Corolla Cross|1.8 สปอร์ต|1.8 Sport|1-8-sport|ACTIVE|
43fb76ab-707b-4787-9531-657ef70f8c38|Toyota|Corolla Cross|เอชอีวี|HEV|toyota-corolla-cross-hev|ACTIVE|HEV
f1583ac9-66d6-44af-a44d-1705003042dc|Toyota|Fortuner|2.4 จี|2.4 G|2-4-g|ACTIVE|
4d821a49-8a67-475d-982c-100f0a7a9b91|Toyota|Fortuner|2.4 เลเจนเดอร์|2.4 LEGENDER|2-4-legender|ACTIVE|
5ad49c64-d994-4f44-9e81-5ed7a12eefe8|Toyota|Fortuner|ไอซีอี|ICE|toyota-fortuner-ice|ACTIVE|ICE
4d0c7a9f-698c-461e-abaa-75cabeb2c090|Toyota|Hilux|ไอซีอี|ICE|toyota-hilux-ice|ACTIVE|ICE
96f2f1a7-70c8-43af-9c09-7bed91039672|Toyota|Hilux|รีโว่ 2.4 อี|Revo 2.4 E|revo-2-4-e|ACTIVE|
edfa34e7-eddc-46ff-aea2-849f46a2f152|Toyota|Hilux|รีโว่ 2.4 จี|Revo 2.4 G|revo-2-4-g|ACTIVE|
32c0dc64-31fe-4b88-8566-5bd591e8236f|Toyota|Hilux|รีโว่ 2.8 ร็อกโก้|Revo 2.8 Rocco|revo-2-8-rocco|ACTIVE|
e5dff3af-a424-4532-8a7c-2732eb238ee0|Toyota|Hilux|รีโว่ ซี-อิดิชัน|Revo Z-Edition|revo-z-edition|ACTIVE|
313bbb81-b132-4ea8-9c90-e2c09e834d17|Toyota|Innova Zenix|2.0 ไฮบริด พรีเมียม|2.0 Hybrid Premium|2-0-hybrid-premium|ACTIVE|
c12fc67d-399f-4042-9d16-5a4422bbbdcb|Toyota|Innova Zenix|2.0 พรีเมียม|2.0 Premium|2-0-premium|ACTIVE|
0310bd9e-66d2-483d-8397-c8dce7c9c35a|Toyota|Innova Zenix|2.0 สมาร์ท|2.0 Smart|2-0-smart|ACTIVE|
2de3cb05-e88e-4093-8310-140800a7cdf1|Toyota|Innova Zenix|เอชอีวี|HEV|toyota-innova-hev|ACTIVE|HEV
02d69f15-f940-4bf9-94e5-098eb2d70188|Toyota|Veloz|พรีเมียม|Premium|premium|ACTIVE|
9826c0d5-935a-46c1-a450-f2d9237f375e|Toyota|Veloz|สมาร์ท|Smart|smart|ACTIVE|
584f4e7d-6290-4bed-a2e0-6de55823d3cc|Toyota|Yaris|ไอซีอี|ICE|toyota-yaris-ice|ACTIVE|ICE
433c9443-6753-4989-8ca9-cae39e6e1ecc|Toyota|Yaris|พรีเมียม|Premium|premium|ACTIVE|
4ea34dfe-cf03-4441-8ba7-f4f5407da6f6|Toyota|Yaris|สมาร์ท|Smart|smart|ACTIVE|
22c03a92-bc84-4563-9ef3-b92966c55544|Toyota|Yaris Ativ|พรีเมียม|Premium|premium|ACTIVE|
a86fe6e2-c4fa-493a-96ad-46269921e5a8|Toyota|Yaris Ativ|พรีเมียม เอส|Premium S|premium-s|ACTIVE|
84f8b016-7037-46ad-92e3-8005c08f54b5|Toyota|Yaris Ativ|สมาร์ท|Smart|smart|ACTIVE|
3475568f-d218-47f8-9da5-6eeb08b795eb|Toyota|Yaris ATIV|จีอาร์|GR Sport|toyota-yaris-ativ-grs|ACTIVE|HEV
4d12b394-1647-4d29-9956-bf9866ecf74e|Toyota|Yaris ATIV|เอชอีวี|HEV|toyota-yaris-ativ-hev|ACTIVE|HEV
a1ef1649-aabf-4082-8466-5d720f9dd387|Toyota|Yaris ATIV|ไนท์เชด|Nightshade|toyota-yaris-ativ-ns|ACTIVE|HEV
4b8a8a3b-0bce-495e-b091-f7f6910b52bc|Toyota|Yaris Cross|เอชอีวี|HEV|toyota-yaris-cross-hev|ACTIVE|HEV
fdd3b638-3bca-4dcc-b4ad-89e9844f3424|Toyota|Yaris Cross|พรีเมียม|Premium|premium|ACTIVE|
9c84b8f2-ad2c-485c-ad74-2ca7d43158b7|Toyota|Yaris Cross|สมาร์ท|Smart|smart|ACTIVE|
12ff6700-6656-4b7f-a62f-3730565ee46c|Volvo|EX30|อีวี|EV|ev|ACTIVE|
36899ef4-b48d-4ec7-b02d-3479f90fbce6|Volvo|XC40|บี4 พลัส|B4 Plus|b4-plus|ACTIVE|
078ec6df-905c-4a29-9fc5-99861472f2db|Volvo|XC40|รีชาร์จ|Recharge|recharge|ACTIVE|
e4043f75-a7b4-49da-b6b9-e1b1c71f70a8|Volvo|XC60|บี5 พลัส|B5 Plus|b5-plus|ACTIVE|
af5a75de-c8e0-432f-b3da-980b74446f7e|Volvo|XC90|บี6 พลัส|B6 Plus|b6-plus|ACTIVE|
4bde874c-9eb1-4364-a97a-3514dc1dd7bf|Xpeng|L03|อีวี|EV|ev|ACTIVE|
021bafca-1249-4062-8fee-2321c66992f3|Xpeng|L03|Long Range|Long Range|xpeng-l03-long-range|ACTIVE|BEV
828e8bc1-47db-4fc7-91ed-9df88e5fa118|Xpeng|L03|Standard|Standard|xpeng-l03-standard|ACTIVE|BEV
caa40d5a-4d14-4957-aa9d-0ed28cff1fa0|Zeekr|009|อีวี|EV|ev|ACTIVE|
07eed539-c018-4623-beb7-5158ba0f1d89|Zeekr|X|อีวี|EV|ev|ACTIVE|
212ed874-35bd-4ea2-ac02-eebd757fead8|Zeekr|X|Standard|Standard|zeekr-x-standard|ACTIVE|BEV
